Group 1,Group 2,H,p-value,q-value
f (n=18),m (n=58),0.029258098223607476,0.8641844603946445,0.8641844603946445
