Group 1,Group 2,H,p-value,q-value
run-1 (n=49),run-2 (n=28),3.434065934065927,0.0638646891079594,0.0638646891079594
