Group 1,Group 2,H,p-value,q-value
Oral (n=29),Rectal (n=23),0.33682215496025947,0.5616693030703979,0.5616693030703979
